{
  "image_only": {
    "accuracy": 0.9700854700854701,
    "precision": 0.0,
    "recall": 0.0,
    "f1": 0.0,
    "roc_auc": 0.8023914411579609
  },
  "tabular_only": {
    "accuracy": 0.9700854700854701,
    "precision": 0.0,
    "recall": 0.0,
    "f1": 0.0,
    "roc_auc": 1.0
  },
  "fused": {
    "accuracy": 0.9700854700854701,
    "precision": 0.0,
    "recall": 0.0,
    "f1": 0.0,
    "roc_auc": 0.9559471365638766
  }
}